stall_id,type_code,period,use_water,use_elec,label,kind
S001,fresh,2024-10,29,75,0,normal
S001,fresh,2024-11,31,70,0,normal
S001,fresh,2024-12,23,65,0,normal
S001,fresh,2025-01,37,62,0,normal
S001,fresh,2025-02,28,74,0,normal
S001,fresh,2025-03,30,83,0,normal
S001,fresh,2025-04,32,92,0,normal
S001,fresh,2025-05,28,105,0,normal
S001,fresh,2025-06,32,80,0,normal
S001,fresh,2025-07,28,82,0,normal
S001,fresh,2025-08,30,85,0,normal
S001,fresh,2025-09,31,82,0,normal
S001,fresh,2025-10,32,93,0,normal
S001,fresh,2025-11,31,63,0,normal
S001,fresh,2025-12,29,58,0,normal
S001,fresh,2026-01,31,64,0,normal
S001,fresh,2026-02,26,85,0,normal
S001,fresh,2026-03,33,104,0,normal
S001,fresh,2026-04,29,96,0,normal
S001,fresh,2026-05,31,104,0,normal
S001,fresh,2026-06,24,79,0,normal
S001,fresh,2026-07,34,77,0,normal
S001,fresh,2026-08,24,75,0,normal
S001,fresh,2026-09,35,68,0,normal
S002,fresh,2024-10,15,103,0,normal
S002,fresh,2024-11,19,92,0,normal
S002,fresh,2024-12,19,94,0,normal
S002,fresh,2025-01,21,85,0,normal
S002,fresh,2025-02,20,106,0,normal
S002,fresh,2025-03,23,154,0,normal
S002,fresh,2025-04,19,147,0,normal
S002,fresh,2025-05,19,130,0,normal
S002,fresh,2025-06,24,106,0,normal
S002,fresh,2025-07,16,478,1,high_elec
S002,fresh,2025-08,17,106,0,normal
S002,fresh,2025-09,16,112,0,normal
S002,fresh,2025-10,5,107,1,low_water
S002,fresh,2025-11,21,95,0,normal
S002,fresh,2025-12,19,102,0,normal
S002,fresh,2026-01,21,95,0,normal
S002,fresh,2026-02,21,122,0,normal
S002,fresh,2026-03,24,130,0,normal
S002,fresh,2026-04,17,154,0,normal
S002,fresh,2026-05,22,148,0,normal
S002,fresh,2026-06,15,103,0,normal
S002,fresh,2026-07,19,104,0,normal
S002,fresh,2026-08,21,106,0,normal
S002,fresh,2026-09,12,93,0,normal
S003,fresh,2024-10,15,89,0,normal
S003,fresh,2024-11,11,64,0,normal
S003,fresh,2024-12,11,91,0,normal
S003,fresh,2025-01,12,71,0,normal
S003,fresh,2025-02,15,88,0,normal
S003,fresh,2025-03,15,108,0,normal
S003,fresh,2025-04,14,107,0,normal
S003,fresh,2025-05,15,26,1,low_elec
S003,fresh,2025-06,12,94,0,normal
S003,fresh,2025-07,11,79,0,normal
S003,fresh,2025-08,12,103,0,normal
S003,fresh,2025-09,13,80,0,normal
S003,fresh,2025-10,14,89,0,normal
S003,fresh,2025-11,11,72,0,normal
S003,fresh,2025-12,12,69,0,normal
S003,fresh,2026-01,13,68,0,normal
S003,fresh,2026-02,14,93,0,normal
S003,fresh,2026-03,12,112,0,normal
S003,fresh,2026-04,15,122,0,normal
S003,fresh,2026-05,16,96,0,normal
S003,fresh,2026-06,11,100,0,normal
S003,fresh,2026-07,10,16,1,low_elec
S003,fresh,2026-08,9,84,0,normal
S003,fresh,2026-09,13,102,0,normal
S004,fresh,2024-10,13,111,0,normal
S004,fresh,2024-11,20,112,0,normal
S004,fresh,2024-12,20,107,0,normal
S004,fresh,2025-01,21,107,0,normal
S004,fresh,2025-02,16,112,0,normal
S004,fresh,2025-03,19,189,0,normal
S004,fresh,2025-04,21,180,0,normal
S004,fresh,2025-05,18,162,0,normal
S004,fresh,2025-06,20,132,0,normal
S004,fresh,2025-07,17,119,0,normal
S004,fresh,2025-08,21,138,0,normal
S004,fresh,2025-09,16,99,0,normal
S004,fresh,2025-10,17,133,0,normal
S004,fresh,2025-11,18,98,0,normal
S004,fresh,2025-12,20,115,0,normal
S004,fresh,2026-01,15,119,0,normal
S004,fresh,2026-02,20,101,0,normal
S004,fresh,2026-03,24,153,0,normal
S004,fresh,2026-04,21,163,0,normal
S004,fresh,2026-05,17,167,0,normal
S004,fresh,2026-06,19,125,0,normal
S004,fresh,2026-07,17,116,0,normal
S004,fresh,2026-08,16,115,0,normal
S004,fresh,2026-09,15,440,1,high_elec
S005,fresh,2024-10,14,151,0,normal
S005,fresh,2024-11,14,122,0,normal
S005,fresh,2024-12,13,112,0,normal
S005,fresh,2025-01,11,160,0,normal
S005,fresh,2025-02,14,141,0,normal
S005,fresh,2025-03,15,195,0,normal
S005,fresh,2025-04,16,179,0,normal
S005,fresh,2025-05,12,155,0,normal
S005,fresh,2025-06,13,164,0,normal
S005,fresh,2025-07,15,126,0,normal
S005,fresh,2025-08,15,170,0,normal
S005,fresh,2025-09,15,165,0,normal
S005,fresh,2025-10,12,145,0,normal
S005,fresh,2025-11,15,461,1,high_elec
S005,fresh,2025-12,12,146,0,normal
S005,fresh,2026-01,15,109,0,normal
S005,fresh,2026-02,9,151,0,normal
S005,fresh,2026-03,16,194,0,normal
S005,fresh,2026-04,15,237,0,normal
S005,fresh,2026-05,18,225,0,normal
S005,fresh,2026-06,13,191,0,normal
S005,fresh,2026-07,16,152,0,normal
S005,fresh,2026-08,12,170,0,normal
S005,fresh,2026-09,12,166,0,normal
S006,fresh,2024-10,17,111,0,normal
S006,fresh,2024-11,20,96,0,normal
S006,fresh,2024-12,22,100,0,normal
S006,fresh,2025-01,20,111,0,normal
S006,fresh,2025-02,21,123,0,normal
S006,fresh,2025-03,24,185,0,normal
S006,fresh,2025-04,23,185,0,normal
S006,fresh,2025-05,29,148,0,normal
S006,fresh,2025-06,18,102,0,normal
S006,fresh,2025-07,19,115,0,normal
S006,fresh,2025-08,32,120,0,normal
S006,fresh,2025-09,21,106,0,normal
S006,fresh,2025-10,20,119,0,normal
S006,fresh,2025-11,23,88,0,normal
S006,fresh,2025-12,23,117,0,normal
S006,fresh,2026-01,23,107,0,normal
S006,fresh,2026-02,20,108,0,normal
S006,fresh,2026-03,23,134,0,normal
S006,fresh,2026-04,27,154,0,normal
S006,fresh,2026-05,24,148,0,normal
S006,fresh,2026-06,20,95,0,normal
S006,fresh,2026-07,18,144,0,normal
S006,fresh,2026-08,23,119,0,normal
S006,fresh,2026-09,19,135,0,normal
S007,fresh,2024-10,16,107,0,normal
S007,fresh,2024-11,12,95,0,normal
S007,fresh,2024-12,15,87,0,normal
S007,fresh,2025-01,17,86,0,normal
S007,fresh,2025-02,13,106,0,normal
S007,fresh,2025-03,14,138,0,normal
S007,fresh,2025-04,17,156,0,normal
S007,fresh,2025-05,21,129,0,normal
S007,fresh,2025-06,13,116,0,normal
S007,fresh,2025-07,16,128,0,normal
S007,fresh,2025-08,14,93,0,normal
S007,fresh,2025-09,17,94,0,normal
S007,fresh,2025-10,16,90,0,normal
S007,fresh,2025-11,16,100,0,normal
S007,fresh,2025-12,15,110,0,normal
S007,fresh,2026-01,14,89,0,normal
S007,fresh,2026-02,16,104,0,normal
S007,fresh,2026-03,12,155,0,normal
S007,fresh,2026-04,14,150,0,normal
S007,fresh,2026-05,14,133,0,normal
S007,fresh,2026-06,12,87,0,normal
S007,fresh,2026-07,63,92,1,high_water
S007,fresh,2026-08,13,106,0,normal
S007,fresh,2026-09,16,108,0,normal
S008,fresh,2024-10,19,108,0,normal
S008,fresh,2024-11,19,89,0,normal
S008,fresh,2024-12,20,98,0,normal
S008,fresh,2025-01,17,97,0,normal
S008,fresh,2025-02,15,119,0,normal
S008,fresh,2025-03,15,144,0,normal
S008,fresh,2025-04,23,147,0,normal
S008,fresh,2025-05,20,181,0,normal
S008,fresh,2025-06,17,118,0,normal
S008,fresh,2025-07,19,116,0,normal
S008,fresh,2025-08,19,97,0,normal
S008,fresh,2025-09,42,129,1,high_water
S008,fresh,2025-10,18,95,0,normal
S008,fresh,2025-11,16,102,0,normal
S008,fresh,2025-12,21,100,0,normal
S008,fresh,2026-01,16,112,0,normal
S008,fresh,2026-02,15,119,0,normal
S008,fresh,2026-03,22,151,0,normal
S008,fresh,2026-04,18,140,0,normal
S008,fresh,2026-05,19,138,0,normal
S008,fresh,2026-06,16,136,0,normal
S008,fresh,2026-07,17,117,0,normal
S008,fresh,2026-08,17,128,0,normal
S008,fresh,2026-09,22,112,0,normal
S009,cooked,2024-10,14,163,0,normal
S009,cooked,2024-11,18,160,0,normal
S009,cooked,2024-12,15,158,0,normal
S009,cooked,2025-01,16,145,0,normal
S009,cooked,2025-02,17,197,0,normal
S009,cooked,2025-03,19,220,0,normal
S009,cooked,2025-04,18,238,0,normal
S009,cooked,2025-05,19,246,0,normal
S009,cooked,2025-06,15,200,0,normal
S009,cooked,2025-07,15,200,0,normal
S009,cooked,2025-08,12,20,1,low_elec
S009,cooked,2025-09,14,206,0,normal
S009,cooked,2025-10,13,173,0,normal
S009,cooked,2025-11,16,199,0,normal
S009,cooked,2025-12,15,134,0,normal
S009,cooked,2026-01,17,173,0,normal
S009,cooked,2026-02,14,172,0,normal
S009,cooked,2026-03,18,276,0,normal
S009,cooked,2026-04,20,271,0,normal
S009,cooked,2026-05,50,226,1,high_water
S009,cooked,2026-06,15,155,0,normal
S009,cooked,2026-07,15,186,0,normal
S009,cooked,2026-08,14,176,0,normal
S009,cooked,2026-09,13,181,0,normal
S010,cooked,2024-10,9,283,0,normal
S010,cooked,2024-11,10,200,0,normal
S010,cooked,2024-12,9,211,0,normal
S010,cooked,2025-01,10,184,0,normal
S010,cooked,2025-02,9,268,0,normal
S010,cooked,2025-03,11,315,0,normal
S010,cooked,2025-04,14,333,0,normal
S010,cooked,2025-05,13,335,0,normal
S010,cooked,2025-06,9,228,0,normal
S010,cooked,2025-07,10,226,0,normal
S010,cooked,2025-08,10,207,0,normal
S010,cooked,2025-09,10,205,0,normal
S010,cooked,2025-10,8,243,0,normal
S010,cooked,2025-11,9,173,0,normal
S010,cooked,2025-12,11,206,0,normal
S010,cooked,2026-01,9,185,0,normal
S010,cooked,2026-02,10,263,0,normal
S010,cooked,2026-03,10,325,0,normal
S010,cooked,2026-04,11,319,0,normal
S010,cooked,2026-05,11,288,0,normal
S010,cooked,2026-06,10,294,0,normal
S010,cooked,2026-07,11,242,0,normal
S010,cooked,2026-08,11,238,0,normal
S010,cooked,2026-09,8,267,0,normal
S011,cooked,2024-10,13,205,0,normal
S011,cooked,2024-11,10,187,0,normal
S011,cooked,2024-12,10,180,0,normal
S011,cooked,2025-01,9,165,0,normal
S011,cooked,2025-02,12,194,0,normal
S011,cooked,2025-03,12,274,0,normal
S011,cooked,2025-04,11,253,0,normal
S011,cooked,2025-05,13,271,0,normal
S011,cooked,2025-06,13,226,0,normal
S011,cooked,2025-07,12,192,0,normal
S011,cooked,2025-08,12,196,0,normal
S011,cooked,2025-09,11,178,0,normal
S011,cooked,2025-10,12,215,0,normal
S011,cooked,2025-11,10,158,0,normal
S011,cooked,2025-12,11,179,0,normal
S011,cooked,2026-01,13,164,0,normal
S011,cooked,2026-02,10,206,0,normal
S011,cooked,2026-03,12,267,0,normal
S011,cooked,2026-04,12,253,0,normal
S011,cooked,2026-05,13,219,0,normal
S011,cooked,2026-06,14,164,0,normal
S011,cooked,2026-07,10,232,0,normal
S011,cooked,2026-08,12,163,0,normal
S011,cooked,2026-09,14,191,0,normal
S012,cooked,2024-10,9,309,0,normal
S012,cooked,2024-11,8,213,0,normal
S012,cooked,2024-12,11,251,0,normal
S012,cooked,2025-01,10,238,0,normal
S012,cooked,2025-02,10,285,0,normal
S012,cooked,2025-03,11,390,0,normal
S012,cooked,2025-04,10,407,0,normal
S012,cooked,2025-05,9,407,0,normal
S012,cooked,2025-06,10,303,0,normal
S012,cooked,2025-07,9,284,0,normal
S012,cooked,2025-08,9,327,0,normal
S012,cooked,2025-09,9,279,0,normal
S012,cooked,2025-10,9,318,0,normal
S012,cooked,2025-11,9,157,0,normal
S012,cooked,2025-12,10,277,0,normal
S012,cooked,2026-01,10,671,1,high_elec
S012,cooked,2026-02,9,821,1,high_elec
S012,cooked,2026-03,10,413,0,normal
S012,cooked,2026-04,10,362,0,normal
S012,cooked,2026-05,11,379,0,normal
S012,cooked,2026-06,10,17,1,low_elec
S012,cooked,2026-07,7,324,0,normal
S012,cooked,2026-08,10,335,0,normal
S012,cooked,2026-09,10,314,0,normal
S013,cooked,2024-10,17,215,0,normal
S013,cooked,2024-11,21,172,0,normal
S013,cooked,2024-12,16,157,0,normal
S013,cooked,2025-01,19,184,0,normal
S013,cooked,2025-02,18,201,0,normal
S013,cooked,2025-03,22,284,0,normal
S013,cooked,2025-04,25,213,0,normal
S013,cooked,2025-05,23,244,0,normal
S013,cooked,2025-06,17,146,0,normal
S013,cooked,2025-07,17,167,0,normal
S013,cooked,2025-08,17,234,0,normal
S013,cooked,2025-09,17,180,0,normal
S013,cooked,2025-10,19,218,0,normal
S013,cooked,2025-11,21,170,0,normal
S013,cooked,2025-12,22,201,0,normal
S013,cooked,2026-01,19,179,0,normal
S013,cooked,2026-02,16,153,0,normal
S013,cooked,2026-03,21,297,0,normal
S013,cooked,2026-04,24,205,0,normal
S013,cooked,2026-05,21,252,0,normal
S013,cooked,2026-06,17,217,0,normal
S013,cooked,2026-07,20,218,0,normal
S013,cooked,2026-08,16,218,0,normal
S013,cooked,2026-09,18,208,0,normal
S014,cooked,2024-10,11,143,0,normal
S014,cooked,2024-11,14,114,0,normal
S014,cooked,2024-12,15,121,0,normal
S014,cooked,2025-01,10,125,0,normal
S014,cooked,2025-02,11,139,0,normal
S014,cooked,2025-03,19,182,0,normal
S014,cooked,2025-04,15,179,0,normal
S014,cooked,2025-05,14,160,0,normal
S014,cooked,2025-06,12,118,0,normal
S014,cooked,2025-07,15,161,0,normal
S014,cooked,2025-08,14,129,0,normal
S014,cooked,2025-09,11,133,0,normal
S014,cooked,2025-10,11,116,0,normal
S014,cooked,2025-11,13,117,0,normal
S014,cooked,2025-12,12,129,0,normal
S014,cooked,2026-01,13,92,0,normal
S014,cooked,2026-02,11,140,0,normal
S014,cooked,2026-03,18,175,0,normal
S014,cooked,2026-04,14,163,0,normal
S014,cooked,2026-05,13,167,0,normal
S014,cooked,2026-06,15,132,0,normal
S014,cooked,2026-07,14,140,0,normal
S014,cooked,2026-08,14,144,0,normal
S014,cooked,2026-09,13,119,0,normal
S015,cooked,2024-10,10,145,0,normal
S015,cooked,2024-11,11,142,0,normal
S015,cooked,2024-12,9,134,0,normal
S015,cooked,2025-01,9,124,0,normal
S015,cooked,2025-02,9,164,0,normal
S015,cooked,2025-03,12,172,0,normal
S015,cooked,2025-04,16,173,0,normal
S015,cooked,2025-05,12,217,0,normal
S015,cooked,2025-06,11,156,0,normal
S015,cooked,2025-07,11,149,0,normal
S015,cooked,2025-08,9,152,0,normal
S015,cooked,2025-09,10,159,0,normal
S015,cooked,2025-10,11,150,0,normal
S015,cooked,2025-11,9,131,0,normal
S015,cooked,2025-12,13,130,0,normal
S015,cooked,2026-01,10,137,0,normal
S015,cooked,2026-02,12,132,0,normal
S015,cooked,2026-03,12,207,0,normal
S015,cooked,2026-04,11,196,0,normal
S015,cooked,2026-05,10,198,0,normal
S015,cooked,2026-06,2,133,1,low_water
S015,cooked,2026-07,11,172,0,normal
S015,cooked,2026-08,10,153,0,normal
S015,cooked,2026-09,11,131,0,normal
S016,produce,2024-10,8,56,0,normal
S016,produce,2024-11,8,57,0,normal
S016,produce,2024-12,8,54,0,normal
S016,produce,2025-01,8,53,0,normal
S016,produce,2025-02,8,66,0,normal
S016,produce,2025-03,8,88,0,normal
S016,produce,2025-04,7,85,0,normal
S016,produce,2025-05,9,84,0,normal
S016,produce,2025-06,8,63,0,normal
S016,produce,2025-07,8,58,0,normal
S016,produce,2025-08,10,61,0,normal
S016,produce,2025-09,7,60,0,normal
S016,produce,2025-10,10,63,0,normal
S016,produce,2025-11,9,48,0,normal
S016,produce,2025-12,9,54,0,normal
S016,produce,2026-01,9,46,0,normal
S016,produce,2026-02,8,53,0,normal
S016,produce,2026-03,11,62,0,normal
S016,produce,2026-04,10,77,0,normal
S016,produce,2026-05,11,20,1,low_elec
S016,produce,2026-06,9,56,0,normal
S016,produce,2026-07,9,65,0,normal
S016,produce,2026-08,9,66,0,normal
S016,produce,2026-09,7,73,0,normal
S017,produce,2024-10,6,49,0,normal
S017,produce,2024-11,6,39,0,normal
S017,produce,2024-12,7,35,0,normal
S017,produce,2025-01,8,41,0,normal
S017,produce,2025-02,5,37,0,normal
S017,produce,2025-03,23,61,1,high_water
S017,produce,2025-04,8,52,0,normal
S017,produce,2025-05,8,61,0,normal
S017,produce,2025-06,5,44,0,normal
S017,produce,2025-07,6,45,0,normal
S017,produce,2025-08,6,45,0,normal
S017,produce,2025-09,5,40,0,normal
S017,produce,2025-10,7,46,0,normal
S017,produce,2025-11,7,33,0,normal
S017,produce,2025-12,23,36,1,high_water
S017,produce,2026-01,6,32,0,normal
S017,produce,2026-02,9,46,0,normal
S017,produce,2026-03,8,50,0,normal
S017,produce,2026-04,10,53,0,normal
S017,produce,2026-05,2,59,1,low_water
S017,produce,2026-06,5,40,0,normal
S017,produce,2026-07,6,42,0,normal
S017,produce,2026-08,21,41,1,high_water
S017,produce,2026-09,8,35,0,normal
S018,produce,2024-10,10,68,0,normal
S018,produce,2024-11,9,50,0,normal
S018,produce,2024-12,9,44,0,normal
S018,produce,2025-01,9,47,0,normal
S018,produce,2025-02,8,63,0,normal
S018,produce,2025-03,10,73,0,normal
S018,produce,2025-04,10,78,0,normal
S018,produce,2025-05,13,72,0,normal
S018,produce,2025-06,10,57,0,normal
S018,produce,2025-07,9,54,0,normal
S018,produce,2025-08,8,55,0,normal
S018,produce,2025-09,10,54,0,normal
S018,produce,2025-10,10,56,0,normal
S018,produce,2025-11,10,48,0,normal
S018,produce,2025-12,9,56,0,normal
S018,produce,2026-01,7,42,0,normal
S018,produce,2026-02,9,62,0,normal
S018,produce,2026-03,12,63,0,normal
S018,produce,2026-04,11,69,0,normal
S018,produce,2026-05,12,72,0,normal
S018,produce,2026-06,10,61,0,normal
S018,produce,2026-07,10,55,0,normal
S018,produce,2026-08,7,63,0,normal
S018,produce,2026-09,8,64,0,normal
S019,produce,2024-10,6,56,0,normal
S019,produce,2024-11,6,43,0,normal
S019,produce,2024-12,6,50,0,normal
S019,produce,2025-01,8,47,0,normal
S019,produce,2025-02,6,66,0,normal
S019,produce,2025-03,8,80,0,normal
S019,produce,2025-04,9,73,0,normal
S019,produce,2025-05,8,66,0,normal
S019,produce,2025-06,7,51,0,normal
S019,produce,2025-07,7,16,1,low_elec
S019,produce,2025-08,6,64,0,normal
S019,produce,2025-09,6,53,0,normal
S019,produce,2025-10,6,51,0,normal
S019,produce,2025-11,7,48,0,normal
S019,produce,2025-12,6,48,0,normal
S019,produce,2026-01,6,45,0,normal
S019,produce,2026-02,6,49,0,normal
S019,produce,2026-03,7,64,0,normal
S019,produce,2026-04,8,75,0,normal
S019,produce,2026-05,9,81,0,normal
S019,produce,2026-06,7,51,0,normal
S019,produce,2026-07,6,60,0,normal
S019,produce,2026-08,6,67,0,normal
S019,produce,2026-09,6,51,0,normal
S020,produce,2024-10,4,55,0,normal
S020,produce,2024-11,4,36,0,normal
S020,produce,2024-12,5,40,0,normal
S020,produce,2025-01,5,48,0,normal
S020,produce,2025-02,5,44,0,normal
S020,produce,2025-03,4,61,0,normal
S020,produce,2025-04,5,60,0,normal
S020,produce,2025-05,5,63,0,normal
S020,produce,2025-06,4,53,0,normal
S020,produce,2025-07,4,47,0,normal
S020,produce,2025-08,4,49,0,normal
S020,produce,2025-09,4,54,0,normal
S020,produce,2025-10,4,60,0,normal
S020,produce,2025-11,4,41,0,normal
S020,produce,2025-12,4,46,0,normal
S020,produce,2026-01,4,39,0,normal
S020,produce,2026-02,5,51,0,normal
S020,produce,2026-03,5,45,0,normal
S020,produce,2026-04,5,4,1,low_elec
S020,produce,2026-05,5,60,0,normal
S020,produce,2026-06,4,58,0,normal
S020,produce,2026-07,4,48,0,normal
S020,produce,2026-08,4,41,0,normal
S020,produce,2026-09,3,44,0,normal
S021,produce,2024-10,7,41,0,normal
S021,produce,2024-11,6,30,0,normal
S021,produce,2024-12,7,27,0,normal
S021,produce,2025-01,6,31,0,normal
S021,produce,2025-02,7,39,0,normal
S021,produce,2025-03,8,49,0,normal
S021,produce,2025-04,6,45,0,normal
S021,produce,2025-05,9,37,0,normal
S021,produce,2025-06,7,36,0,normal
S021,produce,2025-07,20,34,1,high_water
S021,produce,2025-08,7,43,0,normal
S021,produce,2025-09,8,38,0,normal
S021,produce,2025-10,7,35,0,normal
S021,produce,2025-11,8,26,0,normal
S021,produce,2025-12,5,31,0,normal
S021,produce,2026-01,7,30,0,normal
S021,produce,2026-02,7,33,0,normal
S021,produce,2026-03,6,45,0,normal
S021,produce,2026-04,6,39,0,normal
S021,produce,2026-05,7,52,0,normal
S021,produce,2026-06,7,38,0,normal
S021,produce,2026-07,7,35,0,normal
S021,produce,2026-08,6,34,0,normal
S021,produce,2026-09,8,35,0,normal
S022,produce,2024-10,6,43,0,normal
S022,produce,2024-11,7,33,0,normal
S022,produce,2024-12,7,43,0,normal
S022,produce,2025-01,7,37,0,normal
S022,produce,2025-02,4,50,0,normal
S022,produce,2025-03,8,65,0,normal
S022,produce,2025-04,7,67,0,normal
S022,produce,2025-05,7,61,0,normal
S022,produce,2025-06,5,48,0,normal
S022,produce,2025-07,6,34,0,normal
S022,produce,2025-08,6,48,0,normal
S022,produce,2025-09,5,47,0,normal
S022,produce,2025-10,6,45,0,normal
S022,produce,2025-11,8,40,0,normal
S022,produce,2025-12,7,42,0,normal
S022,produce,2026-01,6,43,0,normal
S022,produce,2026-02,6,44,0,normal
S022,produce,2026-03,7,61,0,normal
S022,produce,2026-04,8,63,0,normal
S022,produce,2026-05,7,65,0,normal
S022,produce,2026-06,6,54,0,normal
S022,produce,2026-07,6,49,0,normal
S022,produce,2026-08,7,44,0,normal
S022,produce,2026-09,6,40,0,normal
S023,dry,2024-10,2,81,0,normal
S023,dry,2024-11,2,81,0,normal
S023,dry,2024-12,2,80,0,normal
S023,dry,2025-01,2,84,0,normal
S023,dry,2025-02,2,88,0,normal
S023,dry,2025-03,3,120,0,normal
S023,dry,2025-04,3,122,0,normal
S023,dry,2025-05,3,104,0,normal
S023,dry,2025-06,2,95,0,normal
S023,dry,2025-07,3,88,0,normal
S023,dry,2025-08,3,111,0,normal
S023,dry,2025-09,2,86,0,normal
S023,dry,2025-10,2,84,0,normal
S023,dry,2025-11,2,84,0,normal
S023,dry,2025-12,1,77,1,low_water
S023,dry,2026-01,3,91,0,normal
S023,dry,2026-02,2,100,0,normal
S023,dry,2026-03,0,132,1,low_water
S023,dry,2026-04,2,129,0,normal
S023,dry,2026-05,3,92,0,normal
S023,dry,2026-06,3,98,0,normal
S023,dry,2026-07,2,94,0,normal
S023,dry,2026-08,2,96,0,normal
S023,dry,2026-09,2,85,0,normal
S024,dry,2024-10,3,76,0,normal
S024,dry,2024-11,3,74,0,normal
S024,dry,2024-12,2,73,0,normal
S024,dry,2025-01,3,64,0,normal
S024,dry,2025-02,3,83,0,normal
S024,dry,2025-03,3,86,0,normal
S024,dry,2025-04,3,95,0,normal
S024,dry,2025-05,3,106,0,normal
S024,dry,2025-06,2,83,0,normal
S024,dry,2025-07,2,22,1,low_elec
S024,dry,2025-08,3,88,0,normal
S024,dry,2025-09,3,83,0,normal
S024,dry,2025-10,3,86,0,normal
S024,dry,2025-11,3,78,0,normal
S024,dry,2025-12,3,71,0,normal
S024,dry,2026-01,2,72,0,normal
S024,dry,2026-02,3,247,1,high_elec
S024,dry,2026-03,1,112,1,low_water
S024,dry,2026-04,3,112,0,normal
S024,dry,2026-05,3,109,0,normal
S024,dry,2026-06,3,92,0,normal
S024,dry,2026-07,3,77,0,normal
S024,dry,2026-08,3,77,0,normal
S024,dry,2026-09,2,84,0,normal
S025,dry,2024-10,4,118,0,normal
S025,dry,2024-11,4,83,0,normal
S025,dry,2024-12,4,101,0,normal
S025,dry,2025-01,3,82,0,normal
S025,dry,2025-02,4,98,0,normal
S025,dry,2025-03,4,127,0,normal
S025,dry,2025-04,4,131,0,normal
S025,dry,2025-05,5,159,0,normal
S025,dry,2025-06,4,104,0,normal
S025,dry,2025-07,4,123,0,normal
S025,dry,2025-08,4,107,0,normal
S025,dry,2025-09,3,87,0,normal
S025,dry,2025-10,4,102,0,normal
S025,dry,2025-11,4,89,0,normal
S025,dry,2025-12,3,69,0,normal
S025,dry,2026-01,4,91,0,normal
S025,dry,2026-02,4,112,0,normal
S025,dry,2026-03,5,144,0,normal
S025,dry,2026-04,4,153,0,normal
S025,dry,2026-05,5,125,0,normal
S025,dry,2026-06,4,94,0,normal
S025,dry,2026-07,4,112,0,normal
S025,dry,2026-08,4,105,0,normal
S025,dry,2026-09,4,106,0,normal
S026,dry,2024-10,3,71,0,normal
S026,dry,2024-11,3,62,0,normal
S026,dry,2024-12,3,59,0,normal
S026,dry,2025-01,0,62,1,low_water
S026,dry,2025-02,3,77,0,normal
S026,dry,2025-03,4,73,0,normal
S026,dry,2025-04,4,103,0,normal
S026,dry,2025-05,4,100,0,normal
S026,dry,2025-06,3,77,0,normal
S026,dry,2025-07,12,62,1,high_water
S026,dry,2025-08,3,72,0,normal
S026,dry,2025-09,3,73,0,normal
S026,dry,2025-10,4,98,0,normal
S026,dry,2025-11,3,60,0,normal
S026,dry,2025-12,3,59,0,normal
S026,dry,2026-01,3,60,0,normal
S026,dry,2026-02,3,80,0,normal
S026,dry,2026-03,3,95,0,normal
S026,dry,2026-04,4,85,0,normal
S026,dry,2026-05,3,98,0,normal
S026,dry,2026-06,3,262,1,high_elec
S026,dry,2026-07,3,86,0,normal
S026,dry,2026-08,3,65,0,normal
S026,dry,2026-09,3,61,0,normal
S027,dry,2024-10,3,67,0,normal
S027,dry,2024-11,3,59,0,normal
S027,dry,2024-12,2,61,0,normal
S027,dry,2025-01,3,54,0,normal
S027,dry,2025-02,3,78,0,normal
S027,dry,2025-03,3,99,0,normal
S027,dry,2025-04,4,86,0,normal
S027,dry,2025-05,3,108,0,normal
S027,dry,2025-06,2,58,0,normal
S027,dry,2025-07,3,61,0,normal
S027,dry,2025-08,2,63,0,normal
S027,dry,2025-09,3,53,0,normal
S027,dry,2025-10,4,70,0,normal
S027,dry,2025-11,3,54,0,normal
S027,dry,2025-12,3,54,0,normal
S027,dry,2026-01,3,63,0,normal
S027,dry,2026-02,3,59,0,normal
S027,dry,2026-03,3,84,0,normal
S027,dry,2026-04,4,95,0,normal
S027,dry,2026-05,3,75,0,normal
S027,dry,2026-06,3,60,0,normal
S027,dry,2026-07,2,66,0,normal
S027,dry,2026-08,2,70,0,normal
S027,dry,2026-09,3,64,0,normal
S028,dry,2024-10,2,74,0,normal
S028,dry,2024-11,2,51,0,normal
S028,dry,2024-12,2,70,0,normal
S028,dry,2025-01,2,65,0,normal
S028,dry,2025-02,3,81,0,normal
S028,dry,2025-03,3,108,0,normal
S028,dry,2025-04,3,112,0,normal
S028,dry,2025-05,2,113,0,normal
S028,dry,2025-06,2,86,0,normal
S028,dry,2025-07,2,86,0,normal
S028,dry,2025-08,2,92,0,normal
S028,dry,2025-09,2,84,0,normal
S028,dry,2025-10,2,99,0,normal
S028,dry,2025-11,2,76,0,normal
S028,dry,2025-12,2,65,0,normal
S028,dry,2026-01,2,87,0,normal
S028,dry,2026-02,2,82,0,normal
S028,dry,2026-03,3,109,0,normal
S028,dry,2026-04,2,94,0,normal
S028,dry,2026-05,3,105,0,normal
S028,dry,2026-06,2,76,0,normal
S028,dry,2026-07,2,90,0,normal
S028,dry,2026-08,3,68,0,normal
S028,dry,2026-09,2,86,0,normal
S029,clothes,2024-10,2,63,0,normal
S029,clothes,2024-11,1,55,0,normal
S029,clothes,2024-12,2,53,0,normal
S029,clothes,2025-01,1,67,0,normal
S029,clothes,2025-02,1,14,1,low_elec
S029,clothes,2025-03,1,88,0,normal
S029,clothes,2025-04,2,89,0,normal
S029,clothes,2025-05,2,78,0,normal
S029,clothes,2025-06,1,52,0,normal
S029,clothes,2025-07,2,62,0,normal
S029,clothes,2025-08,2,64,0,normal
S029,clothes,2025-09,2,59,0,normal
S029,clothes,2025-10,1,60,0,normal
S029,clothes,2025-11,2,59,0,normal
S029,clothes,2025-12,2,241,1,high_elec
S029,clothes,2026-01,1,60,0,normal
S029,clothes,2026-02,0,72,1,low_water
S029,clothes,2026-03,2,73,0,normal
S029,clothes,2026-04,2,95,0,normal
S029,clothes,2026-05,2,83,0,normal
S029,clothes,2026-06,2,67,0,normal
S029,clothes,2026-07,2,72,0,normal
S029,clothes,2026-08,2,68,0,normal
S029,clothes,2026-09,2,77,0,normal
S030,clothes,2024-10,2,42,0,normal
S030,clothes,2024-11,2,32,0,normal
S030,clothes,2024-12,3,24,0,normal
S030,clothes,2025-01,2,34,0,normal
S030,clothes,2025-02,2,35,0,normal
S030,clothes,2025-03,2,53,0,normal
S030,clothes,2025-04,3,42,0,normal
S030,clothes,2025-05,3,44,0,normal
S030,clothes,2025-06,3,37,0,normal
S030,clothes,2025-07,3,44,0,normal
S030,clothes,2025-08,2,38,0,normal
S030,clothes,2025-09,2,46,0,normal
S030,clothes,2025-10,3,39,0,normal
S030,clothes,2025-11,2,32,0,normal
S030,clothes,2025-12,3,32,0,normal
S030,clothes,2026-01,2,32,0,normal
S030,clothes,2026-02,2,38,0,normal
S030,clothes,2026-03,3,47,0,normal
S030,clothes,2026-04,3,47,0,normal
S030,clothes,2026-05,3,46,0,normal
S030,clothes,2026-06,2,37,0,normal
S030,clothes,2026-07,2,38,0,normal
S030,clothes,2026-08,3,37,0,normal
S030,clothes,2026-09,3,38,0,normal
S031,clothes,2024-10,1,55,0,normal
S031,clothes,2024-11,1,37,0,normal
S031,clothes,2024-12,1,35,0,normal
S031,clothes,2025-01,1,41,0,normal
S031,clothes,2025-02,1,43,0,normal
S031,clothes,2025-03,1,56,0,normal
S031,clothes,2025-04,1,71,0,normal
S031,clothes,2025-05,1,65,0,normal
S031,clothes,2025-06,1,61,0,normal
S031,clothes,2025-07,1,50,0,normal
S031,clothes,2025-08,1,52,0,normal
S031,clothes,2025-09,1,43,0,normal
S031,clothes,2025-10,1,50,0,normal
S031,clothes,2025-11,1,45,0,normal
S031,clothes,2025-12,1,40,0,normal
S031,clothes,2026-01,1,49,0,normal
S031,clothes,2026-02,1,50,0,normal
S031,clothes,2026-03,1,53,0,normal
S031,clothes,2026-04,1,64,0,normal
S031,clothes,2026-05,1,73,0,normal
S031,clothes,2026-06,1,55,0,normal
S031,clothes,2026-07,1,50,0,normal
S031,clothes,2026-08,1,45,0,normal
S031,clothes,2026-09,1,45,0,normal
S032,clothes,2024-10,2,27,0,normal
S032,clothes,2024-11,1,22,0,normal
S032,clothes,2024-12,2,21,0,normal
S032,clothes,2025-01,1,22,0,normal
S032,clothes,2025-02,1,31,0,normal
S032,clothes,2025-03,2,37,0,normal
S032,clothes,2025-04,2,37,0,normal
S032,clothes,2025-05,2,43,0,normal
S032,clothes,2025-06,1,24,0,normal
S032,clothes,2025-07,1,32,0,normal
S032,clothes,2025-08,1,29,0,normal
S032,clothes,2025-09,1,26,0,normal
S032,clothes,2025-10,1,29,0,normal
S032,clothes,2025-11,1,24,0,normal
S032,clothes,2025-12,1,24,0,normal
S032,clothes,2026-01,2,26,0,normal
S032,clothes,2026-02,1,27,0,normal
S032,clothes,2026-03,2,43,0,normal
S032,clothes,2026-04,1,41,0,normal
S032,clothes,2026-05,2,42,0,normal
S032,clothes,2026-06,1,32,0,normal
S032,clothes,2026-07,1,28,0,normal
S032,clothes,2026-08,1,27,0,normal
S032,clothes,2026-09,1,28,0,normal
S033,clothes,2024-10,3,43,0,normal
S033,clothes,2024-11,3,37,0,normal
S033,clothes,2024-12,3,33,0,normal
S033,clothes,2025-01,2,31,0,normal
S033,clothes,2025-02,3,40,0,normal
S033,clothes,2025-03,3,147,1,high_elec
S033,clothes,2025-04,4,52,0,normal
S033,clothes,2025-05,3,48,0,normal
S033,clothes,2025-06,3,38,0,normal
S033,clothes,2025-07,3,38,0,normal
S033,clothes,2025-08,3,35,0,normal
S033,clothes,2025-09,3,36,0,normal
S033,clothes,2025-10,3,35,0,normal
S033,clothes,2025-11,2,29,0,normal
S033,clothes,2025-12,2,35,0,normal
S033,clothes,2026-01,3,36,0,normal
S033,clothes,2026-02,2,43,0,normal
S033,clothes,2026-03,3,47,0,normal
S033,clothes,2026-04,3,46,0,normal
S033,clothes,2026-05,3,49,0,normal
S033,clothes,2026-06,3,43,0,normal
S033,clothes,2026-07,3,43,0,normal
S033,clothes,2026-08,3,46,0,normal
S033,clothes,2026-09,4,42,0,normal
S034,clothes,2024-10,2,51,0,normal
S034,clothes,2024-11,2,37,0,normal
S034,clothes,2024-12,2,43,0,normal
S034,clothes,2025-01,2,47,0,normal
S034,clothes,2025-02,2,55,0,normal
S034,clothes,2025-03,2,65,0,normal
S034,clothes,2025-04,2,79,0,normal
S034,clothes,2025-05,3,60,0,normal
S034,clothes,2025-06,2,56,0,normal
S034,clothes,2025-07,2,51,0,normal
S034,clothes,2025-08,2,57,0,normal
S034,clothes,2025-09,3,47,0,normal
S034,clothes,2025-10,2,48,0,normal
S034,clothes,2025-11,2,39,0,normal
S034,clothes,2025-12,2,51,0,normal
S034,clothes,2026-01,2,48,0,normal
S034,clothes,2026-02,2,50,0,normal
S034,clothes,2026-03,10,66,1,high_water
S034,clothes,2026-04,3,62,0,normal
S034,clothes,2026-05,3,60,0,normal
S034,clothes,2026-06,2,50,0,normal
S034,clothes,2026-07,2,54,0,normal
S034,clothes,2026-08,2,59,0,normal
S034,clothes,2026-09,2,63,0,normal
S035,clothes,2024-10,2,47,0,normal
S035,clothes,2024-11,1,39,0,normal
S035,clothes,2024-12,2,40,0,normal
S035,clothes,2025-01,2,34,0,normal
S035,clothes,2025-02,1,54,0,normal
S035,clothes,2025-03,2,56,0,normal
S035,clothes,2025-04,2,58,0,normal
S035,clothes,2025-05,2,61,0,normal
S035,clothes,2025-06,1,43,0,normal
S035,clothes,2025-07,2,44,0,normal
S035,clothes,2025-08,2,46,0,normal
S035,clothes,2025-09,2,44,0,normal
S035,clothes,2025-10,2,48,0,normal
S035,clothes,2025-11,2,46,0,normal
S035,clothes,2025-12,1,41,0,normal
S035,clothes,2026-01,2,35,0,normal
S035,clothes,2026-02,2,47,0,normal
S035,clothes,2026-03,2,59,0,normal
S035,clothes,2026-04,2,53,0,normal
S035,clothes,2026-05,2,18,1,low_elec
S035,clothes,2026-06,2,56,0,normal
S035,clothes,2026-07,2,45,0,normal
S035,clothes,2026-08,1,43,0,normal
S035,clothes,2026-09,1,46,0,normal
