bill_id,due,late_count,avg_days_late,bill_ratio,tenure_years,stall_type,season,n_prior,label
2,2025-12-10,0,0.0,1.0032,10.9425,fresh,festival,1,0
3,2026-01-10,0,0.0,0.9805,11.0274,fresh,festival,2,0
4,2026-02-10,0,0.0,1.0081,11.1123,fresh,normal,3,0
5,2026-03-10,0,0.0,1.0204,11.189,fresh,normal,4,0
6,2026-04-10,0,0.0,1.0603,11.274,fresh,festival,5,0
7,2026-05-10,0,0.0,0.9961,11.3562,fresh,school,6,0
8,2026-06-10,0,0.0,1.0589,11.4411,fresh,school,6,0
9,2026-07-10,0,0.0,0.969,11.5233,fresh,normal,6,0
10,2026-08-10,0,0.0,0.9635,11.6082,fresh,rainy,6,0
11,2026-09-10,0,0.0,0.9802,11.6932,fresh,rainy,6,0
14,2025-12-10,0,0.0,0.9749,6.274,fresh,festival,1,0
15,2026-01-10,0,0.0,0.9336,6.3589,fresh,festival,2,0
16,2026-02-10,0,0.0,0.995,6.4438,fresh,normal,3,1
17,2026-03-10,1,1.5,1.0557,6.5205,fresh,normal,4,0
18,2026-04-10,1,1.2,1.0625,6.6055,fresh,festival,5,0
19,2026-05-10,1,1.0,1.1147,6.6877,fresh,school,6,1
20,2026-06-10,2,1.3333,1.0248,6.7726,fresh,school,6,1
21,2026-07-10,3,1.5,0.938,6.8548,fresh,normal,6,0
22,2026-08-10,3,1.5,0.9466,6.9397,fresh,rainy,6,0
23,2026-09-10,2,0.5,0.9497,7.0247,fresh,rainy,6,0
26,2026-08-10,0,0.0,0.976,0.2,fresh,rainy,1,1
27,2026-09-10,1,2.5,1.0097,0.2849,fresh,rainy,2,1
30,2026-09-10,0,0.0,1.0326,0.2274,fresh,rainy,1,0
33,2025-12-10,0,0.0,0.9461,0.611,fresh,festival,1,0
34,2026-01-10,0,0.0,0.982,0.6959,fresh,festival,2,0
35,2026-02-10,0,0.0,0.9733,0.7808,fresh,normal,3,0
36,2026-03-10,0,0.0,1.0422,0.8575,fresh,normal,4,1
37,2026-04-10,1,0.2,1.1078,0.9425,fresh,festival,5,1
38,2026-05-10,2,0.5,1.0758,1.0247,fresh,school,6,1
39,2026-06-10,3,0.8333,1.0198,1.1096,fresh,school,6,0
40,2026-07-10,3,0.8333,0.9374,1.1918,fresh,normal,6,0
41,2026-08-10,3,0.8333,0.9382,1.2767,fresh,rainy,6,0
42,2026-09-10,3,0.8333,0.9654,1.3616,fresh,rainy,6,1
45,2025-12-10,0,0.0,0.9869,2.1863,fresh,festival,1,0
46,2026-01-10,0,0.0,0.9929,2.2712,fresh,festival,2,0
47,2026-02-10,0,0.0,0.941,2.3562,fresh,normal,3,0
48,2026-03-10,0,0.0,1.0525,2.4329,fresh,normal,4,0
49,2026-04-10,0,0.0,1.0942,2.5178,fresh,festival,5,0
50,2026-05-10,0,0.0,1.0219,2.6,fresh,school,6,0
51,2026-06-10,0,0.0,1.0446,2.6849,fresh,school,6,0
52,2026-07-10,0,0.0,0.9587,2.7671,fresh,normal,6,0
53,2026-08-10,0,0.0,0.9561,2.8521,fresh,rainy,6,0
54,2026-09-10,0,0.0,0.9762,2.937,fresh,rainy,6,0
57,2026-07-10,0,0.0,0.9257,0.2274,fresh,normal,1,1
58,2026-08-10,1,4.0,0.9795,0.3123,fresh,rainy,2,1
59,2026-09-10,2,3.0,0.9567,0.3973,fresh,rainy,3,1
62,2026-01-10,0,0.0,1.0487,0.2,fresh,festival,1,0
63,2026-02-10,0,0.0,0.9896,0.2849,fresh,normal,2,0
64,2026-03-10,0,0.0,1.0934,0.3616,fresh,normal,3,0
65,2026-04-10,0,0.0,1.0683,0.4466,fresh,festival,4,1
66,2026-05-10,1,0.4,1.0644,0.5288,fresh,school,5,0
67,2026-06-10,1,0.3333,1.0191,0.6137,fresh,school,6,1
68,2026-07-10,2,0.6667,0.9338,0.6959,fresh,normal,6,1
69,2026-08-10,3,2.0,0.9169,0.7808,fresh,rainy,6,1
70,2026-09-10,4,3.3333,1.0071,0.8658,fresh,rainy,6,1
73,2025-12-10,0,0.0,0.9232,9.9918,cooked,festival,1,0
74,2026-01-10,0,0.0,1.0138,10.0767,cooked,festival,2,0
75,2026-02-10,0,0.0,0.9848,10.1616,cooked,normal,3,0
76,2026-03-10,0,0.0,1.0564,10.2384,cooked,normal,4,0
77,2026-04-10,0,0.0,1.1872,10.3233,cooked,festival,5,0
78,2026-05-10,0,0.0,1.0791,10.4055,cooked,school,6,0
79,2026-06-10,0,0.0,1.0361,10.4904,cooked,school,6,0
80,2026-07-10,0,0.0,0.8916,10.5726,cooked,normal,6,0
81,2026-08-10,0,0.0,0.9437,10.6575,cooked,rainy,6,0
82,2026-09-10,0,0.0,1.0177,10.7425,cooked,rainy,6,1
85,2026-07-10,0,0.0,0.8876,0.2438,cooked,normal,1,0
86,2026-08-10,0,0.0,0.9375,0.3288,cooked,rainy,2,0
87,2026-09-10,0,0.0,0.9436,0.4137,cooked,rainy,3,0
90,2026-05-10,0,0.0,1.013,0.2137,cooked,school,1,0
91,2026-06-10,0,0.0,0.9512,0.2986,cooked,school,2,0
92,2026-07-10,0,0.0,0.8982,0.3808,cooked,normal,3,0
93,2026-08-10,0,0.0,0.9777,0.4658,cooked,rainy,4,1
94,2026-09-10,1,0.4,0.9655,0.5507,cooked,rainy,5,0
97,2025-12-10,1,4.0,0.9569,3.3644,cooked,festival,1,0
98,2026-01-10,1,2.0,0.9616,3.4493,cooked,festival,2,0
99,2026-02-10,1,1.3333,0.9594,3.5342,cooked,normal,3,0
100,2026-03-10,1,1.0,1.0326,3.611,cooked,normal,4,1
101,2026-04-10,2,1.2,1.1264,3.6959,cooked,festival,5,0
102,2026-05-10,2,1.0,1.0585,3.7781,cooked,school,6,1
103,2026-06-10,2,1.8333,0.9973,3.863,cooked,school,6,0
104,2026-07-10,2,1.8333,0.9347,3.9452,cooked,normal,6,1
105,2026-08-10,3,2.5,0.9375,4.0301,cooked,rainy,6,0
106,2026-09-10,3,2.5,1.0117,4.1151,cooked,rainy,6,0
109,2025-12-10,0,0.0,0.9732,3.4575,cooked,festival,1,1
110,2026-01-10,1,2.5,0.9648,3.5425,cooked,festival,2,0
111,2026-02-10,1,1.6667,0.9862,3.6274,cooked,normal,3,0
112,2026-03-10,1,1.25,1.0312,3.7041,cooked,normal,4,0
113,2026-04-10,1,1.0,1.147,3.789,cooked,festival,5,0
114,2026-05-10,1,0.8333,1.0704,3.8712,cooked,school,6,1
115,2026-06-10,2,1.1667,1.0499,3.9562,cooked,school,6,0
116,2026-07-10,1,0.3333,0.9472,4.0384,cooked,normal,6,0
117,2026-08-10,1,0.3333,0.9387,4.1233,cooked,rainy,6,0
118,2026-09-10,1,0.3333,1.011,4.2082,cooked,rainy,6,0
121,2026-01-10,0,0.0,1.0573,0.211,cooked,festival,1,0
122,2026-02-10,0,0.0,0.9665,0.2959,cooked,normal,2,1
123,2026-03-10,1,1.6667,1.1716,0.3726,cooked,normal,3,0
124,2026-04-10,1,1.25,1.1412,0.4575,cooked,festival,4,0
125,2026-05-10,1,1.0,0.9949,0.5397,cooked,school,5,0
126,2026-06-10,1,0.8333,1.0161,0.6247,cooked,school,6,1
127,2026-07-10,2,1.3333,0.9769,0.7068,cooked,normal,6,0
128,2026-08-10,2,1.3333,0.9502,0.7918,cooked,rainy,6,0
129,2026-09-10,1,0.5,0.944,0.8767,cooked,rainy,6,0
132,2026-03-10,1,4.0,0.984,0.1945,produce,normal,1,1
133,2026-04-10,2,4.0,1.0597,0.2795,produce,festival,2,1
134,2026-05-10,3,5.6667,1.041,0.3616,produce,school,3,1
135,2026-06-10,4,5.0,1.045,0.4466,produce,school,4,1
136,2026-07-10,5,4.2,0.9427,0.5288,produce,normal,5,1
137,2026-08-10,6,3.6667,0.9979,0.6137,produce,rainy,6,1
138,2026-09-10,6,4.6667,0.966,0.6986,produce,rainy,6,1
141,2025-12-10,0,0.0,0.9625,0.389,produce,festival,1,1
142,2026-01-10,1,1.5,0.9789,0.474,produce,festival,2,0
143,2026-02-10,1,1.0,0.9819,0.5589,produce,normal,3,0
144,2026-03-10,1,0.75,1.0438,0.6356,produce,normal,4,0
145,2026-04-10,1,0.6,1.0915,0.7205,produce,festival,5,0
146,2026-05-10,1,0.5,1.0779,0.8027,produce,school,6,1
147,2026-06-10,2,1.8333,0.9914,0.8877,produce,school,6,0
148,2026-07-10,1,1.3333,0.9544,0.9699,produce,normal,6,1
149,2026-08-10,2,3.0,0.9763,1.0548,produce,rainy,6,1
150,2026-09-10,3,4.5,0.9674,1.1397,produce,rainy,6,1
153,2025-12-10,0,0.0,0.9527,11.5562,produce,festival,1,0
154,2026-01-10,0,0.0,0.9771,11.6411,produce,festival,2,1
155,2026-02-10,1,2.0,0.9866,11.726,produce,normal,3,1
156,2026-03-10,2,2.75,0.9965,11.8027,produce,normal,4,1
157,2026-04-10,3,4.4,1.0533,11.8877,produce,festival,5,1
158,2026-05-10,4,3.8333,1.0799,11.9699,produce,school,6,1
159,2026-06-10,5,6.1667,1.0178,12.0548,produce,school,6,1
160,2026-07-10,6,9.0,0.9356,12.137,produce,normal,6,1
161,2026-08-10,6,10.8333,0.9462,12.2219,produce,rainy,6,1
162,2026-09-10,6,11.1667,1.0075,12.3068,produce,rainy,6,1
165,2025-12-10,0,0.0,0.9693,5.1836,produce,festival,1,0
166,2026-01-10,0,0.0,0.9857,5.2685,produce,festival,2,0
167,2026-02-10,0,0.0,1.0147,5.3534,produce,normal,3,0
168,2026-03-10,0,0.0,1.007,5.4301,produce,normal,4,0
169,2026-04-10,0,0.0,1.0679,5.5151,produce,festival,5,0
170,2026-05-10,0,0.0,1.0362,5.5973,produce,school,6,0
171,2026-06-10,0,0.0,0.9803,5.6822,produce,school,6,1
172,2026-07-10,1,0.6667,0.9649,5.7644,produce,normal,6,1
173,2026-08-10,2,1.5,0.9678,5.8493,produce,rainy,6,0
174,2026-09-10,2,1.5,0.9879,5.9342,produce,rainy,6,0
177,2026-01-10,0,0.0,1.0271,0.2027,produce,festival,1,0
178,2026-02-10,0,0.0,1.0134,0.2877,produce,normal,2,0
179,2026-03-10,0,0.0,1.0235,0.3644,produce,normal,3,0
180,2026-04-10,0,0.0,1.0687,0.4493,produce,festival,4,0
181,2026-05-10,0,0.0,1.029,0.5315,produce,school,5,0
182,2026-06-10,0,0.0,1.0197,0.6164,produce,school,6,0
183,2026-07-10,0,0.0,0.923,0.6986,produce,normal,6,0
184,2026-08-10,0,0.0,0.9809,0.7836,produce,rainy,6,0
185,2026-09-10,0,0.0,1.0416,0.8685,produce,rainy,6,0
188,2025-12-10,0,0.0,0.9677,8.2849,produce,festival,1,0
189,2026-01-10,0,0.0,0.9744,8.3699,produce,festival,2,0
190,2026-02-10,0,0.0,0.9881,8.4548,produce,normal,3,0
191,2026-03-10,0,0.0,1.0286,8.5315,produce,normal,4,1
192,2026-04-10,1,1.2,1.0411,8.6164,produce,festival,5,0
193,2026-05-10,1,1.0,1.0142,8.6986,produce,school,6,0
194,2026-06-10,1,1.0,1.0088,8.7836,produce,school,6,0
195,2026-07-10,1,1.0,0.9465,8.8658,produce,normal,6,0
196,2026-08-10,1,1.0,1.0085,8.9507,produce,rainy,6,0
197,2026-09-10,1,1.0,0.9965,9.0356,produce,rainy,6,1
200,2025-12-10,1,1.0,0.9277,7.937,dry,festival,1,0
201,2026-01-10,1,0.5,0.9654,8.0219,dry,festival,2,0
202,2026-02-10,1,0.3333,0.9667,8.1068,dry,normal,3,0
203,2026-03-10,1,0.25,1.0093,8.1836,dry,normal,4,0
204,2026-04-10,1,0.2,1.0187,8.2685,dry,festival,5,0
205,2026-05-10,1,0.1667,1.076,8.3507,dry,school,6,0
206,2026-06-10,0,0.0,1.019,8.4356,dry,school,6,1
207,2026-07-10,1,0.5,0.982,8.5178,dry,normal,6,0
208,2026-08-10,1,0.5,0.9753,8.6027,dry,rainy,6,0
209,2026-09-10,1,0.5,0.9965,8.6877,dry,rainy,6,0
212,2025-12-10,0,0.0,1.0124,0.5781,dry,festival,1,0
213,2026-01-10,0,0.0,0.9892,0.663,dry,festival,2,0
214,2026-02-10,0,0.0,1.0004,0.7479,dry,normal,3,0
215,2026-03-10,0,0.0,1.0088,0.8247,dry,normal,4,0
216,2026-04-10,0,0.0,1.08,0.9096,dry,festival,5,0
217,2026-05-10,0,0.0,1.0811,0.9918,dry,school,6,0
218,2026-06-10,0,0.0,0.9943,1.0767,dry,school,6,0
219,2026-07-10,0,0.0,0.9214,1.1589,dry,normal,6,0
220,2026-08-10,0,0.0,0.9587,1.2438,dry,rainy,6,0
221,2026-09-10,0,0.0,1.0124,1.3288,dry,rainy,6,0
224,2026-09-10,1,9.0,0.9728,0.211,dry,rainy,1,1
227,2025-12-10,0,0.0,0.9473,4.6329,dry,festival,1,0
228,2026-01-10,0,0.0,0.9872,4.7178,dry,festival,2,0
229,2026-02-10,0,0.0,0.9986,4.8027,dry,normal,3,0
230,2026-03-10,0,0.0,1.0435,4.8795,dry,normal,4,0
231,2026-04-10,0,0.0,1.1128,4.9644,dry,festival,5,0
232,2026-05-10,0,0.0,1.0165,5.0466,dry,school,6,0
233,2026-06-10,0,0.0,1.0063,5.1315,dry,school,6,0
234,2026-07-10,0,0.0,0.9235,5.2137,dry,normal,6,0
235,2026-08-10,0,0.0,0.9655,5.2986,dry,rainy,6,0
236,2026-09-10,0,0.0,1.0171,5.3836,dry,rainy,6,0
239,2025-12-10,0,0.0,0.9738,8.1096,dry,festival,1,0
240,2026-01-10,0,0.0,1.0263,8.1945,dry,festival,2,0
241,2026-02-10,0,0.0,0.9996,8.2795,dry,normal,3,1
242,2026-03-10,1,3.25,1.0331,8.3562,dry,normal,4,1
243,2026-04-10,2,5.6,1.0663,8.4411,dry,festival,5,0
244,2026-05-10,2,4.6667,1.046,8.5233,dry,school,6,0
245,2026-06-10,2,4.6667,0.9908,8.6082,dry,school,6,0
246,2026-07-10,2,4.6667,0.9681,8.6904,dry,normal,6,1
247,2026-08-10,3,7.1667,0.9463,8.7753,dry,rainy,6,1
248,2026-09-10,3,5.3333,1.0209,8.8603,dry,rainy,6,1
251,2025-12-10,0,0.0,1.0006,0.463,dry,festival,1,0
252,2026-01-10,0,0.0,1.012,0.5479,dry,festival,2,0
253,2026-02-10,0,0.0,0.9982,0.6329,dry,normal,3,0
254,2026-03-10,0,0.0,1.0225,0.7096,dry,normal,4,0
255,2026-04-10,0,0.0,1.0475,0.7945,dry,festival,5,1
256,2026-05-10,1,1.1667,1.0096,0.8767,dry,school,6,0
257,2026-06-10,1,1.1667,1.0197,0.9616,dry,school,6,1
258,2026-07-10,2,2.8333,1.001,1.0438,dry,normal,6,0
259,2026-08-10,2,2.8333,0.9517,1.1288,dry,rainy,6,0
260,2026-09-10,2,2.8333,1.0225,1.2137,dry,rainy,6,0
263,2026-06-10,0,0.0,0.9935,0.2521,clothes,school,1,1
264,2026-07-10,1,3.0,0.9476,0.3342,clothes,normal,2,1
265,2026-08-10,2,3.0,0.9497,0.4192,clothes,rainy,3,1
266,2026-09-10,3,2.5,0.9608,0.5041,clothes,rainy,4,1
269,2025-12-10,1,7.0,0.9768,0.4027,clothes,festival,1,0
270,2026-01-10,1,3.5,0.9955,0.4877,clothes,festival,2,0
271,2026-02-10,1,2.3333,1.0035,0.5726,clothes,normal,3,1
272,2026-03-10,2,2.25,1.0263,0.6493,clothes,normal,4,1
273,2026-04-10,3,2.2,1.0351,0.7342,clothes,festival,5,1
274,2026-05-10,4,3.6667,1.0409,0.8164,clothes,school,6,1
275,2026-06-10,4,4.0,0.977,0.9014,clothes,school,6,1
276,2026-07-10,5,5.8333,0.9997,0.9836,clothes,normal,6,1
277,2026-08-10,6,6.0,0.972,1.0685,clothes,rainy,6,1
278,2026-09-10,6,6.3333,1.0137,1.1534,clothes,rainy,6,1
281,2025-12-10,0,0.0,1.0031,0.2822,clothes,festival,1,0
282,2026-01-10,0,0.0,0.9707,0.3671,clothes,festival,2,0
283,2026-02-10,0,0.0,0.9772,0.4521,clothes,normal,3,0
284,2026-03-10,0,0.0,1.0377,0.5288,clothes,normal,4,0
285,2026-04-10,0,0.0,1.0823,0.6137,clothes,festival,5,0
286,2026-05-10,0,0.0,1.0727,0.6959,clothes,school,6,1
287,2026-06-10,1,0.8333,0.9757,0.7808,clothes,school,6,1
288,2026-07-10,2,1.0,0.9508,0.863,clothes,normal,6,1
289,2026-08-10,3,1.1667,0.9646,0.9479,clothes,rainy,6,0
290,2026-09-10,3,1.1667,0.9939,1.0329,clothes,rainy,6,0
293,2025-12-10,1,2.0,1.0166,11.3425,clothes,festival,1,0
294,2026-01-10,1,1.0,1.0016,11.4274,clothes,festival,2,0
295,2026-02-10,1,0.6667,0.9945,11.5123,clothes,normal,3,0
296,2026-03-10,1,0.5,0.9893,11.589,clothes,normal,4,0
297,2026-04-10,1,0.4,1.0421,11.674,clothes,festival,5,0
298,2026-05-10,1,0.3333,1.0362,11.7562,clothes,school,6,0
299,2026-06-10,0,0.0,1.0067,11.8411,clothes,school,6,0
300,2026-07-10,0,0.0,0.9683,11.9233,clothes,normal,6,0
301,2026-08-10,0,0.0,0.9979,12.0082,clothes,rainy,6,1
302,2026-09-10,1,0.8333,0.9914,12.0932,clothes,rainy,6,0
305,2026-09-10,1,1.0,0.9936,0.1973,clothes,rainy,1,1
308,2025-12-10,1,3.0,0.9904,0.4356,clothes,festival,1,1
309,2026-01-10,2,2.0,0.976,0.5205,clothes,festival,2,1
310,2026-02-10,3,1.6667,1.0,0.6055,clothes,normal,3,0
311,2026-03-10,3,1.25,1.0173,0.6822,clothes,normal,4,0
312,2026-04-10,3,1.0,1.0601,0.7671,clothes,festival,5,1
313,2026-05-10,4,1.3333,1.0113,0.8493,clothes,school,6,1
314,2026-06-10,4,1.6667,1.0341,0.9342,clothes,school,6,1
315,2026-07-10,4,3.1667,0.9446,1.0164,clothes,normal,6,1
316,2026-08-10,4,3.6667,0.9885,1.1014,clothes,rainy,6,1
317,2026-09-10,5,4.6667,0.9927,1.1863,clothes,rainy,6,1
